Workbook

Sheet Start Here
A1: Field-Service Maintenance Agreement & Equipment History Tracker
A2: FREE SAMPLE - trimmed to 5 agreements and 12 service visits so you can see the formulas, flags and dashboard work. The full template adds 13 agreements / 76 visits of sample data and more room: https://busybusiness.gumroad.com/l/fmqrrd
B4: Colour key:
B5: Pale yellow cells = type your own information here.
B6: Pale gray cells = formulas that calculate automatically. Please don't type over them.
B8: What this does
B9: Tracks recurring maintenance agreements (HVAC, pest control, appliance repair, or any field-service business) with automatic renewal-date flagging, plus a full per-unit equipment service history -- so you always know what's overdue, what's coming up, and what work has been done on every piece of equipment you service. Built with a free-text Non-Standard Terms field because real agreements don't all fit one template -- split billing, custom frequencies, and negotiated extras all have a place.
B11: How to use it (about 15-20 minutes to set up)
B12: 1. Customer & Equipment Roster: list every customer and every piece of equipment you service for them -- one row per unit, with an Equipment ID you'll reuse on the other two tabs.
B13: 2. Maintenance Agreements: one row per signed agreement. Pick the Agreement Type, set the Renewal Frequency (in months), and enter the Last Renewal Date. Next Renewal Date, Days Until Renewal, and Status (OVERDUE / DUE SOON / ACTIVE) all calculate automatically and highlight in red/yellow. For agreements that don't fit a standard annual/semi-annual pattern, pick 'Non-Standard / Custom' and use the Notes column for split billing, reduced scope, bundled extras, or any other negotiated terms.
B14: 3. Service History Log: one row per visit. Link it to an Equipment ID, log parts and labor cost, and the Total Cost calculates automatically. This builds a full service history per unit over time.
B15: 4. Dashboard: totals, overdue/due-soon counts, non-standard agreement count, revenue, and a status breakdown chart -- all pulled live from the other two tabs, no manual updating.
B16: 5. Need more rows anywhere? Select the last filled row, copy it, and paste it into the rows below -- the formulas (and dropdowns) come with it.
B18: Colour key (also see the legend above)
... B35: Made by SleepyPlanners. For your own business use. Please don't resell or share the file.

Sheet Customer & Equipment Roster
A1: Customer & Equipment Roster
A2: Yellow = type your own info, gray = automatic.
A4: Customer ID | B4: Customer Name | C4: Location / Address | D4: Equipment ID | E4: Equipment Type | F4: Install Date | G4: Active?
A5: CUST-100 | B5: Riverside Medical Plaza | C5: 120 Riverside Dr | D5: EQ-301 | E5: Central AC | F5: 44642 | G5: Yes
A6: CUST-100 | B6: Riverside Medical Plaza | C6: 120 Riverside Dr | D6: EQ-302 | E6: Rooftop Unit | F6: 45194 | G6: Yes
A7: CUST-101 | B7: Greenfield Apartments LLC | C7: 45 Greenfield Ave Bldg C | D7: EQ-303 | E7: Heat Pump | F7: 45001 | G7: Yes
A8: CUST-101 | B8: Greenfield Apartments LLC | C8: 45 Greenfield Ave Bldg C | D8: EQ-304 | E8: Rooftop Unit | F8: 44823 | G8: Yes
A9: CUST-101 | B9: Greenfield Apartments LLC | C9: 45 Greenfield Ave Bldg C | D9: EQ-305 | E9: Water Heater | F9: 43899 | G9: Yes
A10: CUST-102 | B10: Oakmont HOA | C10: 8 Oakmont Ct | D10: EQ-306 | E10: Rooftop Unit | F10: 44193 | G10: No
A11: CUST-102 | B11: Oakmont HOA | C11: 8 Oakmont Ct | D11: EQ-307 | E11: Furnace | F11: 45675 | G11: Yes
A12: CUST-103 | B12: Chen Family Residence | C12: 212 Chen Ln | D12: EQ-308 | E12: Heat Pump | F12: 44815 | G12: Yes
A13: CUST-103 | B13: Chen Family Residence | C13: 212 Chen Ln | D13: EQ-309 | E13: Mini-Split | F13: 45724 | G13: Yes
A14: CUST-104 | B14: Summit Office Park | C14: 900 Summit Pkwy Ste 4 | D14: EQ-310 | E14: Mini-Split | F14: 45822 | G14: Yes
A15: CUST-104 | B15: Summit Office Park | C15: 900 Summit Pkwy Ste 4 | D15: EQ-311 | E15: Central AC | F15: 44110 | G15: Yes
A16: CUST-105 | B16: Patel Family Residence | C16: 77 Patel Way | D16: EQ-312 | E16: Heat Pump | F16: 44744 | G16: Yes
... A24: CUST-109 | B24: Union Square Retail Center | C24: 600 Union Square | D24: EQ-320 | E24: Furnace | F24: 44908 | G24: Yes

Sheet Maintenance Agreements
A1: Maintenance Agreements
A2: Renewal dates and status flag automatically from Last Renewal Date + Frequency.
A4: Agreement ID | B4: Customer ID | C4: Customer Name | D4: Equipment ID | E4: Agreement Type | F4: Renewal Frequency (months) | G4: Last Renewal Date | H4: Next Renewal Date | I4: Days Until Renewal | J4: Status | K4: Price per Term ($) | L4: Non-Standard Terms / Notes
A5: AGR-501 | B5: CUST-100 | C5: =INDEX('Customer & Equipment Roster'!$B$5:$B$24,MATCH($B5,'Customer & Equipment Roster'!$A$5:$A$24,0)) | D5: EQ-302 | E5: Standard Semi-Annual | F5: 6 | G5: 46069 | H5: =EDATE($G5,$F5) | I5: =H5-TODAY() | J5: =IF(I5<0,"OVERDUE",IF(I5<=30,"DUE SOON","ACTIVE")) | K5: 591.08
A6: AGR-502 | B6: CUST-102 | C6: =INDEX('Customer & Equipment Roster'!$B$5:$B$24,MATCH($B6,'Customer & Equipment Roster'!$A$5:$A$24,0)) | D6: EQ-307 | E6: Non-Standard / Custom | F6: 4 | G6: 46100 | H6: =EDATE($G6,$F6) | I6: =H6-TODAY() | J6: =IF(I6<0,"OVERDUE",IF(I6<=30,"DUE SOON","ACTIVE")) | K6: 419.57 | L6: Includes 1 emergency after-hours visit per term at no extra charge (negotiated 2025).
A7: AGR-503 | B7: CUST-103 | C7: =INDEX('Customer & Equipment Roster'!$B$5:$B$24,MATCH($B7,'Customer & Equipment Roster'!$A$5:$A$24,0)) | D7: EQ-308 | E7: Standard Annual | F7: 12 | G7: 46100 | H7: =EDATE($G7,$F7) | I7: =H7-TODAY() | J7: =IF(I7<0,"OVERDUE",IF(I7<=30,"DUE SOON","ACTIVE")) | K7: 714.14
A8: AGR-504 | B8: CUST-103 | C8: =INDEX('Customer & Equipment Roster'!$B$5:$B$24,MATCH($B8,'Customer & Equipment Roster'!$A$5:$A$24,0)) | D8: EQ-309 | E8: Standard Semi-Annual | F8: 6 | G8: 45978 | H8: =EDATE($G8,$F8) | I8: =H8-TODAY() | J8: =IF(I8<0,"OVERDUE",IF(I8<=30,"DUE SOON","ACTIVE")) | K8: 269.94
A9: AGR-505 | B9: CUST-104 | C9: =INDEX('Customer & Equipment Roster'!$B$5:$B$24,MATCH($B9,'Customer & Equipment Roster'!$A$5:$A$24,0)) | D9: EQ-310 | E9: Standard Annual | F9: 12 | G9: 46252 | H9: =EDATE($G9,$F9) | I9: =H9-TODAY() | J9: =IF(I9<0,"OVERDUE",IF(I9<=30,"DUE SOON","ACTIVE")) | K9: 626.79

Sheet Service History Log
A1: Service History Log
A2: Per-visit service records, one row per visit, linked to an Equipment ID.
A4: Service ID | B4: Date | C4: Equipment ID | D4: Customer Name | E4: Technician | F4: Service Type | G4: Notes | H4: Parts Cost ($) | I4: Labor Cost ($) | J4: Total Cost ($) | K4: Billable?
A5: SVC-1001 | B5: 46281 | C5: EQ-301 | D5: Riverside Medical Plaza | E5: M. Okafor | F5: Inspection | G5: Annual safety inspection, unit passed. | H5: 14.37 | I5: 155.18 | J5: =H5+I5 | K5: Yes
A6: SVC-1002 | B6: 46222 | C6: EQ-301 | D6: Riverside Medical Plaza | E6: D. Sullivan | F6: Emergency Call | G6: After-hours no-cool call, diagnosed and repaired same visit. | H6: 81.54 | I6: 295 | J6: =H6+I6 | K6: Yes
A7: SVC-1003 | B7: 46122 | C7: EQ-301 | D7: Riverside Medical Plaza | E7: J. Alvarez | F7: Scheduled Maintenance | G7: Routine filter/coil check, no issues found. | H7: 20.54 | I7: 172.11 | J7: =H7+I7 | K7: Yes
A8: SVC-1004 | B8: 46243 | C8: EQ-301 | D8: Riverside Medical Plaza | E8: D. Sullivan | F8: Scheduled Maintenance | G8: Routine filter/coil check, no issues found. | H8: 39.77 | I8: 199.92 | J8: =H8+I8 | K8: Yes
A9: SVC-1005 | B9: 46216 | C9: EQ-301 | D9: Riverside Medical Plaza | E9: D. Sullivan | F9: Emergency Call | G9: After-hours no-cool call, diagnosed and repaired same visit. | H9: 59.32 | I9: 295.59 | J9: =H9+I9 | K9: Yes
A10: SVC-1006 | B10: 46116 | C10: EQ-301 | D10: Riverside Medical Plaza | E10: R. Nguyen | F10: Inspection | G10: Annual safety inspection, unit passed. | H10: 24.05 | I10: 202.59 | J10: =H10+I10 | K10: Yes
A11: SVC-1007 | B11: 46138 | C11: EQ-302 | D11: Riverside Medical Plaza | E11: D. Sullivan | F11: Repair | G11: Replaced faulty capacitor, tested system cycle. | H11: 157.72 | I11: 244.33 | J11: =H11+I11 | K11: Yes
A12: SVC-1008 | B12: 46094 | C12: EQ-302 | D12: Riverside Medical Plaza | E12: D. Sullivan | F12: Emergency Call | G12: After-hours no-cool call, diagnosed and repaired same visit. | H12: 160.64 | I12: 123.97 | J12: =H12+I12 | K12: Yes
A13: SVC-1009 | B13: 46276 | C13: EQ-302 | D13: Riverside Medical Plaza | E13: M. Okafor | F13: Emergency Call | G13: After-hours no-cool call, diagnosed and repaired same visit. | H13: 202.48 | I13: 286.23 | J13: =H13+I13 | K13: Yes
A14: SVC-1010 | B14: 46308 | C14: EQ-302 | D14: Riverside Medical Plaza | E14: D. Sullivan | F14: Emergency Call | G14: After-hours no-cool call, diagnosed and repaired same visit. | H14: 19.25 | I14: 184.94 | J14: =H14+I14 | K14: Yes
A15: SVC-1011 | B15: 46037 | C15: EQ-302 | D15: Riverside Medical Plaza | E15: D. Sullivan | F15: Scheduled Maintenance | G15: Routine filter/coil check, no issues found. | H15: 0.82 | I15: 180.63 | J15: =H15+I15 | K15: Yes
A16: SVC-1012 | B16: 46134 | C16: EQ-302 | D16: Riverside Medical Plaza | E16: R. Nguyen | F16: Scheduled Maintenance | G16: Routine filter/coil check, no issues found. | H16: 21.91 | I16: 277.85 | J16: =H16+I16 | K16: Yes

Sheet Dashboard
A1: Dashboard
A2: Live rollup from the Agreements and Service History tabs. Updates automatically.
A3: Metric | B3: Value
A4: Total equipment units on file | B4: =COUNTA('Customer & Equipment Roster'!$D$5:$D$24)
A5: Total active maintenance agreements | B5: =COUNTA('Maintenance Agreements'!$A$5:$A$17)
A6: Agreements OVERDUE for renewal | B6: =COUNTIF('Maintenance Agreements'!$J$5:$J$17,"OVERDUE")
A7: Agreements DUE SOON (next 30 days) | B7: =COUNTIF('Maintenance Agreements'!$J$5:$J$17,"DUE SOON")
A8: Agreements with Non-Standard / Custom terms | B8: =COUNTIF('Maintenance Agreements'!$E$5:$E$17,"Non-Standard / Custom")
A9: Total agreement revenue per term ($) | B9: =SUM('Maintenance Agreements'!$K$5:$K$17)
A10: Total service visits logged | B10: =COUNTA('Service History Log'!$A$5:$A$80)
A11: Total service cost (parts + labor) ($) | B11: =SUM('Service History Log'!$J$5:$J$80)
A12: Emergency calls logged | B12: =COUNTIF('Service History Log'!$F$5:$F$80,"Emergency Call")
A15: Status | B15: Count
A16: OVERDUE | B16: =COUNTIF('Maintenance Agreements'!$J$5:$J$17,"OVERDUE")
A17: DUE SOON | B17: =COUNTIF('Maintenance Agreements'!$J$5:$J$17,"DUE SOON")
A18: ACTIVE | B18: =COUNTIF('Maintenance Agreements'!$J$5:$J$17,"ACTIVE")
